"","XKA"
"1","O([C@H]1[C@H](O)[C@@H](O)[C@H](O)[C@H](O1)CO)[C@@H]1[C@@H]2[C@H](C=CO1)[C@H](C[C@@]2(C)O)O"
"2","c1(c(cc(cc1)/C=C/C(=O)O[C@H]1[C@@H]([C@H]([C@@H](O[C@@H]1CO)OCCc1cc(c(cc1)O)O)O)O[C@@H]1O[C@H]([C@@H]([C@H]([C@H]1O)O)O)C)O)O"
"3","C1=C[C@@H]2[C@H]([C@@H](O1)O[C@H]1[C@H](O)[C@H]([C@@H]([C@H](O1)CO)O)O)[C@@]1([C@H]([C@H]2O)O1)CO"
"4","[C@H]12[C@H](C[C@@H]([C@H]1C)O)C(=CO[C@H]2O[C@@H]1O[C@@H]([C@H]([C@@H]([C@H]1O)O)O)CO)C(=O)O"
"5","[C@@H]1([C@@H](O[C@H]([C@@H]([C@H]1O)O)C)OC[C@H]1O[C@H]([C@@H]([C@H]([C@@H]1OC(=O)/C=C/c1cc(c(cc1)O)O)O)O)OCCc1ccc(c(c1)O)O)O"
"6","[C@H]12[C@H]3[C@@H]([C@@]4(C(=CC3)C[C@H](CC4)O[C@@H]3O[C@@H]([C@H]([C@@H]([C@H]3O)O)O)CO)C)CC[C@@]1([C@H](CC2)[C@@H](CC[C@H](C(C)C)CC)C)C"
"7","[C@H]1(CC[C@]2(C(=CC[C@H]3[C@@H]4CC[C@H]([C@@H](CC[C@H](C(C)C)CC)C)[C@@]4(C)CC[C@H]23)C1)C)O"
"8","O(C(=O)CCCCCCCCCCCCCCCCCCCCCCCCC)CCc1ccc(O)cc1"
"9","O([C@H]1OC=C[C@H]2[C@@H]1[C@@](O)(CC2)C)[C@H]1O[C@](O)([C@@H](O)[C@H](O)[C@H]1O)CO"
"10","O([C@@]1([C@@H]2[C@H](CC1)C=CO[C@@H]2O[C@H]1O[C@@](O)([C@@H](O)[C@H](O)[C@H]1O)CO)C)C(=O)C"
"11","[C@H]1([C@@H]([C@H]([C@H]([C@H](O1)OCCc1cc(c(cc1)O)OC)O)O)OC(=O)/C=C/c1cc(c(cc1)O)O)CO[C@H]1[C@@H]([C@@H](O[C@H]2[C@@H]([C@@H]([C@H]([C@@H](O2)C)O)O)O)[C@@H]([C@H](O1)CO)O)O"
"12","O1[C@H]([C@@H]([C@@H]([C@H]([C@@H]1C)O)O)O)O[C@H]1[C@@H]([C@H](O[C@H]([C@@H]1O)O)CO)OC(=O)/C=Cc1cc(c(cc1)O)O"
"13","O([C@@H]1OC=C[C@]2(O)[C@H]1C(=C[C@H]2O)CO)[C@@H]1O[C@@H]([C@@H](O)[C@@H](O)[C@H]1O)CO"
"14","O1[C@]2([C@@H]1[C@@H](O)[C@H]1[C@@H]2[C@@H](OCC1)O[C@@H]1O[C@@H]([C@@H](O)[C@H](O)[C@H]1O)CO)CO"
"15","C1(=CO[C@@H](O[C@H]2[C@@H]([C@H]([C@@H]([C@H](O2)CO)O)O)O)[C@H]2[C@@H]1CC=C2CO)C(=O)CO"
"16","O1[C@H]2OC[C@]3([C@H]([C@H]([C@@H]([C@H]3Cl)O)C2)[C@@H]1O[C@@H]1O[C@@H]([C@H]([C@@H]([C@H]1O)O)O)CO)O"
"17","O1[C@@]2([C@H]1[C@@H](O)[C@H]1[C@@H]2[C@@H](OC=C1)O[C@@H]1O[C@H]([C@H](O)[C@@H](O)[C@H]1O)C)CO"
"18","O([C@@H]1OC=C([C@@H]2[C@H]1C(=C)CC2)C(=O)OC)[C@@H]1O[C@@H]([C@@H](O)[C@H](O)[C@H]1O)CO[C@@H]1O[C@@H]([C@@H](O)[C@@H](O)[C@H]1O)C"
"19","O([C@@H]1[C@H](OC(=O)/C=Cc2cc(OC)c(O)cc2)[C@H](O[C@@H](OCCc2cc(O)c(O)cc2)[C@@H]1O)CO[C@H]1O[C@H]([C@@H](O)[C@H](O)[C@@H]1O)CO)[C@H]1O[C@H]([C@H](O)[C@@H](O)[C@@H]1O)C"
"20","O([C@H]1[C@H](OC(=O)/C=Cc2cc(OC)c(O)cc2)[C@H](O[C@@H](OCCc2cc(O)c(OC)cc2)[C@@H]1O)CO[C@H]1O[C@H]([C@H](O)[C@H](O)[C@@H]1O)CO)[C@H]1O[C@H]([C@H](O)[C@@H](O)[C@@H]1O)C"
"21","O([C@@]12[C@H]([C@H](O[C@@H]3O[C@@H]([C@@H](O)[C@H](O)[C@H]3O)CO)OC=C2)C(=C[C@H]1O)CO)[C@@H]1O[C@@H]([C@@H](O)[C@H](O)[C@H]1O)CO"
"22","O[C@@]1([C@@H]2[C@H]([C@H](OC(=O)/C=Cc3cc(OC)c(O)cc3)C1)C=CO[C@H]2O[C@H]1O[C@H]([C@H](O)[C@@H](O)[C@@H]1O)CO)C"
"23","O([C@H]1[C@H](OC(=O)/C=Cc2cc(O)c(O)cc2)[C@H](O[C@@H](OCCc2cc(O)c(O)cc2)[C@@H]1O)CO[C@H]1O[C@H]([C@H](O)[C@H](O)[C@@H]1O)CO)[C@H]1O[C@H]([C@H](O)[C@@H](O)[C@@H]1O)C"
"24","O([C@]1([C@](O)(C(CCC1)(C)C)/C=C/[C@@H](O)C)C)[C@@H]1O[C@@H]([C@@H](O)[C@H](O)[C@H]1O)CO"
"25","O([C@]1([C@](O)(C(CCC1)(C)C)/C=C/[C@H](O)C)C)[C@@H]1O[C@@H]([C@@H](O)[C@H](O)[C@H]1O)CO"
"26","O([C@]1([C@](O)(C(CCC1)(C)C)/C=C/C(=O)C)C)[C@@H]1O[C@@H]([C@@H](O)[C@H](O)[C@H]1O)CO"
"27","O1[C@@]2([C@H]1[C@@H](O[C@@H]1O[C@@H]([C@H](O)[C@H](O)[C@H]1O)CO)[C@H]1[C@@H]2[C@@H](OC=C1)O[C@@H]1O[C@@H]([C@@H](O)[C@@H](O)[C@H]1O)CO)CO"
"28","O([C@H]1[C@H]2[C@@H]([C@@](O)(C1)C)[C@@H](OC=C2)O[C@@H]1O[C@@H]([C@@H](O)[C@@H](O)[C@H]1O)CO)[C@@H]1O[C@@H]([C@H](O)[C@H](O)[C@H]1O)CO"
"29","O[C@@]1([C@@H]2[C@H]([C@H](OC(=O)c3ccc(O)cc3)C1)C=CO[C@H]2O[C@@H]1O[C@@H]([C@@H](O)[C@H](O)[C@H]1O)CO)C"
"30","O1[C@H]([C@@H]([C@H]([C@@H]([C@H]1CO)O)O)O)O[C@@H]1CCC(C(=C1C)C(=O)O)(C)C"
"31","[C@@H]1([C@@H]([C@H]([C@@H]([C@H](O1)CO[C@H]1O[C@@H]([C@@H]([C@@H]([C@H]1O)O)O)CO)O)O)O)O[C@@H]1OC=C[C@@H]2[C@H]1[C@]1(CO)[C@H]([C@H]2O)O1"
"32","c1(c(ccc(c1)C(=O)O[C@@H]1C[C@@]([C@@H]2[C@H]1C=CO[C@H]2O[C@@H]1O[C@@H]([C@H]([C@@H]([C@H]1O)O)O)O)(O)C)O)OC"
"33","[C@@H]1([C@@H]([C@H]([C@@H](O[C@@H]1CO[C@@H]1O[C@H]([C@H]([C@H]([C@@H]1O)O)O)CO)OCCc1cc(c(cc1)O)O)O)O[C@H]1[C@@H]([C@H]([C@H]([C@H](O1)C)O)O)O)OC(=O)/C=Cc1cc(c(cc1)O)O"
"34","[C@H]12[C@H](O[C@@H]3O[C@@H]([C@H]([C@@H]([C@H]3O)O)O)CO)OC=C[C@H]1[C@@H](C=C2CO)O"
"35","O[C@@H]1[C@@H]2[C@](C2)([C@@H]2[C@H]1C=CO[C@H]2O[C@@H]1O[C@@H]([C@@H](O)[C@@H](O)[C@H]1O)CO)COC(=O)C"
"36","C(=O)(CCCCCCCCCCCCCCCCCCCCC)O"
"37","[C@@H]1(CC[C@]2(C(=CC[C@H]3[C@@H]4CC[C@H]([C@@H](/C=C/[C@@H](CC)C(C)C)C)[C@@]4(C)CC[C@H]23)C1)C)O"
"38","[C@]1(O[C@H]2O[C@H](CO[C@H]3O[C@H](CO[C@H]4O[C@@H]([C@@H]([C@@H]([C@H]4O)O)O)CO)[C@@H]([C@@H]([C@H]3O)O)O)[C@H]([C@@H]([C@H]2O)O)O)(O[C@@H]([C@H]([C@@H]1O)O)CO)CO"
"39","OC[C@H]1O[C@H](OC[C@H]2O[C@H](O[C@@]3(CO)[C@@H](O)[C@H](O)[C@@H](CO)O3)[C@H](O)[C@@H](O)[C@@H]2O)[C@H](O)[C@@H](O)[C@H]1O"
"40","OC[C@H]1O[C@H](O[C@@]2(CO)[C@@H](O)[C@H](O)[C@@H](CO)O2)[C@H](O)[C@@H](O)[C@@H]1O"
"41","O1c2cc3CCn4c(c3cc2OC1)cc1c(c4)c(OC)c(OC)cc1"
"42","O(c1c2cn3CCc4c(c3cc2ccc1OC)cc(O)c(OC)c4)C"
"43","O([C@@H]1C[C@@](O)(C[C@@H](O)[C@H]1O)C(=O)O)C(=O)/C=C/c1cc(O)c(O)cc1"
"44","C1(=O)C[C@@]2([C@H]3[C@@H](O1)[C@@H]([C@@]1([C@H]4[C@@]3([C@@H](C[C@H]2C(=O)C)OC(=O)[C@@H]4OC(=O)C)CO1)C(=O)OC)OC(=O)C)C"
"45","c1cc(co1)[C@H]1[C@]2([C@]3([C@@H](C(=O)O1)O3)[C@]1([C@H](CC2)[C@]([C@@H](CC1=O)C(O)(C)C)(/C=C/C(=O)O)C)C)C"
"46","c1ccc2c(c1)C(=O)[C@]1([C@](C2=O)(CC=C(C)C)O1)C(=O)OC"
"47","Oc1c2c3[C@@H]([N](CCc3cc1OC)(C)C)Cc1c2c(O)c(OC)cc1"
"48","O1[C@@]23[C@]4([C@@H]([C@@]5([C@@H](CC4=O)C(OC(=O)C=C5)(C)C)C)CC[C@]2([C@@H](OC(=O)[C@@H]13)c1ccoc1)C)C"
"49","C1[C@H](C[C@@H]2[C@](C1)([C@@H]1[C@@H]([C@@H](C2)O)[C@@H]2[C@]([C@H](C1)O)([C@@H](CC2)[C@@H](C)CC[C@@H](C)[C@@H](C)C(=O)O)C)C)O"
"50","O1c2cc3CCn4c(c3cc2OC1)cc1c(c4)c(O)c(OC)cc1"
"51","c1c(c2c(c(c1)O)oc(cc2=O)CCc1ccccc1)O"
"52","O1c2c3cn4CCc5c(c4cc3ccc2OC1)cc(OC)c(OC)c5"
"53","c12c(CCn3cc4c(cc13)ccc1OCOc41)cc(c(c2)OC)O"
"54","O1[C@@]23[C@]4([C@@H]([C@]56[C@@H](CC4=O)C(O[C@H]5CC(=O)OC6)(C)C)CC[C@]2([C@@H](OC(=O)[C@@H]13)c1ccoc1)C)C"
"55","c12c(cc(c(c1)O)OC)C[N@@]1([C@H](C2)c2c(CC1)cc(c(c2)O)OC)C"
"56","c12c(c(c(cc1)OC)OC)CN1[C@H](C2)c2c(CC1)cc1c(c2)OCO1"
"57","c12c3c(cc4c(c3)OCO4)CCn1c(=O)c1c(c2)ccc(c1OC)OC"
"58","c1c2c(c3c(c1)ccc(=O)o3)C[C@H](O2)C(OC(=O)/C(=CC)/C)(C)C"
"59","C1[C@@H](C[C@@]2([C@@](C1)([C@@H]1[C@@H](CC2)[C@@]2([C@](CC1)([C@H](CC2)C1=CC(=O)OC1)C)O)C=O)O)O[C@@H]1O[C@@H]([C@@H]([C@H](C1)O)O)C"
"60","C1[C@H](C[C@@]2([C@@](C1)([C@@H]1[C@@H](CC2)[C@@]2([C@](CC1)([C@@H](CC2)C1=CC(=O)OC1)C)O)C=O)O)O"
"61","c12c([C@H](c3c(C1=O)c(cc(c3)C)O)[C@H]1c3c(C(=O)c4c1cc(cc4O)CO)c(ccc3)O)cc(cc2O)O"
"62","COc1c(O)ccc(c1)/C=C/C(=O)O[C@H]1C[C@]([C@@H]2[C@H]1C=CO[C@H]2O[C@@H]1O[C@@H]([C@H]([C@@H]([C@H]1O)O)O)CO)(C)O"
"63","COc1c(O)ccc(c1)/C=C/C(=O)O[C@@H]1C[C@]([C@@H]2[C@H]1C=CO[C@H]2O)(C)O"
"64","c12c3c(cc(c(c3)OC)OC)CCn1cc1c(c2)ccc(c1OC)OC"
"65","c12c3c(CCn1cc1c(c2)ccc(c1OC)OC)cc(c(c3)OC)O"
"66","c1(cc(c2c(c1)oc(c(c2=O)O)c1ccc(c(c1)O)O)O)O"
"67","O1c2cc3c4n(CCc3cc2OC1)cc1c(c4)ccc2OCOc12"
"68","Oc1ccc(cc1OC)[C@@H]1OC[C@H](Cc2ccc(c(c2)OC)O)[C@H]1CO"
"69","O1c2cc3c4n(CCc3cc2OC1)cc1c(c4C)cc2OCOc2c1"
"70","O(c1cc(/C=C/C(=O)NCCc2ccc(O)cc2)ccc1O)C"
"71","O(C[C@@H](NC(=O)[C@H](NC(=O)c1ccccc1)Cc1ccccc1)Cc1ccccc1)C(=O)C"
"72","c1ccc2c(c1)n(cc2C/C(=N/OS(=O)(=O)O)/S[C@H]1[C@@H]([C@H]([C@H](O)[C@H](O1)CO)O)O)OC"
"73","C1[C@@H](CC2=CC[C@@H]3[C@@H]([C@]2(C1)C)CC[C@H]1[C@@H]3CC[C@@H]1CCC[C@H](C(C)C)CC)O"
"74","C1[C@@H]2[C@](CC(=O)[C@@H]1C)(CC[C@@]1([C@@]2(CC[C@@]2(C1=CC=C1C2=CC(=O)C(=C1C)O)C)C)C)C"
"75","C1[C@@H](C([C@@H]2[C@]3(C1)[C@]1([C@@H](CC2)[C@H]2[C@](CC1)([C@H](CC2)[C@@H](CC/C=C(C)/C(=O)O)C)C)C3)(C)C)O"
"76","O1[C@@H]2[C@@H]([C@@]3([C@H]([C@H]4[C@@H]([C@@]5([C@H](CC4)C[C@@H](O)CC5)C)CC3)C2)C)[C@@H]([C@@]21OC[C@H](CC2)C)C"
"77","O1[C@@H]2[C@@H]([C@@]3([C@H]([C@H]4[C@@H]([C@@]5([C@H](CC4)C[C@@H](O)CC5)C)CC3)C2)C)[C@@H]([C@@]21OC[C@@H](CC2)C)C"
"78","c1(c(c(=O)c2c(o1)cc(cc2O)O)O)c1ccc(cc1)O"
"79","c1(c(c(=O)c2c(o1)cc(cc2O)O)O[C@@H]1O[C@H]([C@@H]([C@H]([C@H]1O)O)O)C)c1ccc(cc1)O"
"80","Oc1c(oc2c(c1=O)c(O)cc(O)c2CC=C(C)C)c1ccc(OC)cc1"
"81","O1[C@H]([C@H](O)[C@@H](O)[C@@H](O)[C@@H]1Oc1c(oc2c(c1=O)c(O)cc(O)c2CC=C(C)C)c1ccc(OC)cc1)C"
"82","[C@@H]1([C@@H](C[C@H]2[C@](C1)([C@@H]1[C@@H](CC2)[C@@H]2[C@](CC1)([C@@H]1[C@H](C2)O[C@]2([C@H]1C)OC[C@@H](CC2)C)C)C)O)O"
"83","C1C[C@@]2(OC[C@H]1C)O[C@@H]1[C@H]([C@@H]2C)[C@@]2([C@H](C1)[C@H]1[C@@H](CC2)[C@@]2([C@@H](CC1)C[C@H]([C@@H](C2)O)O)C)C"
"84","C1C[C@@]2(OC[C@H]1C)O[C@@H]1[C@H]([C@@H]2C)[C@@]2([C@@H](C1)[C@H]1[C@@H](CC2)[C@@]2(C(=CC1)C[C@H]([C@@H](C2)O)O)C)C"
"85","C1[C@H](C[C@@]2(C(=C[C@@H](O2)/C(=C/C=CC(=C/C=C/C=C(C=CC=C(C=C[C@@H]2C(=C[C@H](CC2(C)C)O)C)/C)/C)C)/C)C1(C)C)C)O"
"86","O[C@@H]1C[C@@H]2CC[C@@H]3[C@@H]([C@]2(CC1)C)CC[C@]1([C@@H]3C[C@H]2[C@@H]1[C@@H]([C@@]1(O2)OC[C@@H](CC1)C)C)C"
"87","c1(cccc(c1C(=O)O)CCCCCCC/C=CCCCCCC)O"
"88","c12c(cc3c(c1)[C@@H]1[C@H](OC3=O)[C@H](C=C3[C@H]1N(CC3)C)O)OCO2"
"89","n1cccc(c1)C(=O)O[C@@H]1C[C@@H]2[C@](CC=C3[C@@]2(CC[C@@H](C3)O)C)(O)[C@@]2([C@]1([C@H](CC2)C(=O)C)C)O"
"90","C1[C@H](C([C@@H]2[C@]3(C1)[C@]1([C@@H](CC2)[C@H]2[C@](CC1)([C@H](CC2)[C@@H](CC/C=C(C(=O)O)/C)C)C)C3)(C)C)O"
"91","O[C@@H]1[C@@H](O)C[C@@]2([C@@H](C1)CC[C@@H]1[C@@H]2CC[C@@]2([C@@H]1C[C@H]1[C@@H]2[C@@H]([C@@]2(O1)OC[C@H](CC2)C)C)C)C"
"92","c12c(c(ccc1/C=C/C(=O)O[C@@H](C(=O)O)Cc1ccc(c(c1)O)O)O)O[C@@H]([C@@H]2C(=O)OC)c1ccc(c(c1)O)O"
"93","[C@H]1(CC[C@H]2[C@@](C1)([C@@H]1[C@@H](CC2)[C@H]2[C@@](CC1)([C@H]1[C@@H](C2)O[C@]2([C@H]1C)OC[C@@H](CC2)C)C)C)O"
"94","C1C(=O)C[C@@H]2[C@](C1)([C@@H]1[C@@H](CC2)[C@@H]2[C@](CC1)([C@H]1[C@@H](C2)O[C@]2([C@H]1C)OC[C@@H](CC2)C)C)C"
"95","C1[C@@H](C[C@H]2[C@](C1)([C@@H]1[C@@H](CC2)[C@H]2[C@](CC1)([C@H](CC2)C/C=C/[C@@H](C)C(C)C)C)C)O"
"96","C1[C@@H](C[C@H]2[C@](C1)([C@@H]1[C@@H](CC2)[C@@H]2[C@](CC1)([C@@H]1[C@H](C2)O[C@]2([C@H]1C)OC[C@H](CC2)C)C)C)O"
"97","C1[C@H](C[C@@H]2[C@](C1)([C@@H]1[C@@H](CC2)[C@@H]2[C@@](CC1)([C@@H]1[C@H](C2)O[C@]2([C@H]1C)OC[C@H](CC2)C)C)C)O[C@@H]1O[C@@H]([C@@H]([C@@H]([C@H]1O)O)O)CO"
"98","C1[C@H](C[C@@H]2[C@](C1)([C@@H]1[C@@H](CC2)[C@H]2[C@@](CC1)([C@@H]1[C@H](C2)O[C@]2([C@H]1C)OC[C@H](CC2)C)C)C)O"
"99","O[C@@H]1CC[C@]2([C@@H](C1)CC[C@@H]1[C@H]3C[C@@H]4OC(=C([C@@H]4[C@@]3(C)CC[C@@H]21)C)CC[C@@H](CO)C)C"
"100","C1[C@@H](C[C@@H]2[C@](C1)([C@@H]1[C@@H](CC2)[C@H]2[C@@](CC1)(C)[C@@H]1[C@H](C2)O[C@]([C@H]1C)(CC[C@@H](CO)C)O)C)O"
"101","c1(c(c(cc(c1)C(=O)OC)O)O[C@@H]1O[C@@H]([C@H]([C@@H]([C@H]1O)O)O)CO)O"
"102","[C@H]1([C@@H](C[C@]2([C@H](C1)CC[C@H]1[C@@H]3C[C@@H]4O[C@]5([C@H]([C@@H]4[C@@]3(C)CC[C@H]21)C)OC[C@H](CC5)C)C)O)O"
"103","O1[C@@H]2[C@@H]([C@@]3([C@H]([C@H]4[C@@H]([C@@]5([C@@H](CC4)C[C@@H](O)[C@H](O)C5)C)CC3)C2)C)[C@@H]([C@@]21OC[C@H](CC2)C)C"
"104","O[C@@H]1C[C@@H]2[C@@](CC1)([C@@H]1[C@@H](CC2)[C@@H]2[C@@](CC1)([C@@H]1[C@H]([C@@H]2O)O[C@]([C@H]1C)(CCC(C)C)O)C)C"
"105","c1(cc2c(cc1O)c(=O)c1c(o2)cc(c(c1O)[C@@H]1O[C@@H]([C@H]([C@@H]([C@H]1O)O)O)CO)O)O"
"106","[C@H]1([C@@H](O[C@H]([C@H]([C@@H]1O)O)Oc1c(cc2c(c1)c(=O)c1c(o2)cc(c(c1O)[C@H]1[C@@H]([C@H]([C@@H]([C@H](O1)CO)O)O)O)O)O)CO)O"
"107","c12c(cc(c(c1)O)O)c(=O)c1c(o2)c(c(cc1O)O)[C@@H]1O[C@@H]([C@H]([C@@H]([C@H]1O)O)O)CO"
"108","[C@H]1([C@H]([C@H](O[C@H]([C@@H]1O)CO)Oc1c(c2c(c(c1)O)c(=O)c(c(o2)c1ccc(cc1)OC)O[C@H]1[C@@H]([C@H]([C@H]([C@H](O1)C)O)O)O)CC=C(C)C)O)O"
"109","O[C@@H]1CC[C@]2([C@@H](C1)CC[C@@H]1[C@H]3C[C@@H]4O[C@]5([C@H]([C@@H]4[C@@]3(C)CC[C@@H]21)C)OC[C@H](CC5)C)C"
"110","O1[C@@H]2[C@@H]([C@@]3([C@H]([C@@H]4[C@H]([C@@]5([C@H](CC4)C[C@H](O)CC5)C)CC3)C2)C)C(=C1CC[C@@H](CO)C)C"
"111","O[C@@H]1C[C@@H]2[C@@](CC1)([C@@H]1[C@@H](CC2)[C@@H]2[C@@](CC1)([C@@H]1[C@H]([C@@H]2O)O[C@]([C@H]1C)(CCC(C)C)OC)C)C"
"112","O[C@@H]1C[C@@H]2[C@](CC1)([C@@H]1[C@@H](CC2)[C@@H]2[C@](CC1)([C@H]1[C@@H](C2)OC(=C1C)CC[C@@H](CO)C)C)C"
"113","O[C@@H]1C[C@@H]2[C@@](CC1)([C@@H]1[C@@H](CC2)[C@@H]2[C@@](CC1)([C@H]1[C@@H](O2)CC(=C1C)CC[C@H](CO)C)C)C"
"114","O[C@@H]1C[C@@H]2[C@](CC1)([C@@H]1[C@@H](CC2)[C@@H]2[C@](CC1)([C@H]1[C@@H](C2)O[C@]([C@H]1C)(CC[C@@H](CO)C)OC)C)C"
"115","C(=O)(/C=Cc1cc(c(cc1)O)OC)NCCc1ccc(cc1)O"
"116","[C@@]12([C@H]([C@H]3[C@@H](O1)C[C@@H]1[C@@]3(CC[C@H]3[C@H]1CC=C1[C@@]3(CC[C@@H](C1)O)C)C)C)CC[C@H](CO2)C"
"117","C(=O)(/C=Cc1ccc(cc1)O)NCCc1ccc(cc1)O"
"118","Oc1cc2oc(cc(=O)c2c(O)c1)c1ccc(OC)cc1"
"119","c12c(oc(cc1=O)c1ccc(cc1)OC)cc(cc2O)O[C@@H]1O[C@@H]([C@H]([C@@H]([C@H]1O)O)O)CO[C@H]1[C@@H]([C@@H]([C@H]([C@@H](O1)C)O)O)O"
"120","c1(=O)ccc2cc(c(cc2o1)O[C@H]1O[C@@H]([C@H]([C@H]([C@@H]1O)O)O)CO)OC"
"121","c1(cc(ccc1)[C@@H]1C[C@@]2(CC[C@H](C1)N2C)CO)CC(=O)O"
"122","C(CCCNCCCNC(=O)CCc1cc(c(cc1)O)O)NCCCNC(=O)CCc1cc(c(cc1)O)O"
"123","C1(CCC[C@]2(c3cc(c(cc3C(=O)C[C@@H]12)C(C)C)O)C)(C)C"
"124","C(=O)(CNC(=O)[C@@H](NC(=O)c1ccccc1)Cc1ccccc1)OCCCc1ccccc1"
"125","CC(=CCC[C@H]1C(=O)O[C@H]2C[C@]3([C@]([C@H]12)(CC[C@@H]1C3=CC[C@H]2[C@@]1(CCC(=O)C2(C)C)C)C)C)C"
"126","CCCCCCCCCCCCCCCCCCCCCCCCCCC"
"127","O([C@H]1[C@H](O)[C@@H](O)[C@H](O)[C@H](O1)CO)[C@@H]1CC[C@]2(C(=CC[C@@H]3[C@H]4CC[C@H]([C@@H](CC[C@@H](CC)C(C)C)C)[C@@]4(C)CC[C@@H]23)C1)C"
"128","O[C@@H]1CC[C@]2(C(=CC[C@@H]3[C@H]4CC[C@H]([C@@H](CC[C@@H](CC)C(C)C)C)[C@@]4(C)CC[C@@H]23)C1)C"
"129","[C@H]12[C@H]3[C@@H]([C@@]4(C(=CC3)C[C@H](CC4)O)C)CC[C@@]1([C@H](CC2)[C@@H](CC[C@H](C(C)C)CC)C)C"
"130","C1(=CC[C@]2([C@@H](C1)CC[C@H]1[C@@H]3CC[C@H]([C@@H](CC[C@@H](C)C(C)C)C)[C@@]3(C)CC[C@H]21)C)O"
"131","c1(cc(cc2C(=O)c3cc(cc(c3C(=O)c12)O)C)O)O"
"132","c12c(C(=O)c3c(C1=O)cc(cc3O)C)c(cc(c2)OC)O"
"133","c1(cc(=O)c2c(O)cc(cc2o1)O)c1ccc(O)cc1"
"134","CCCCCCCCCCCCCCCCCCCCCCC"
"135","[C@@H]1(CC[C@]2(C(=CC[C@H]3[C@@H]4CC[C@H]([C@@H](CCCC(C)C)C)[C@@]4(C)CC[C@H]23)C1)C)O"
"136","[C@@H]1(CC[C@]2([C@H]([C@@H]1C)CC=C1[C@@H]3CC[C@H]([C@@H](CC/C(=C/C)/C(C)C)C)[C@@]3(C)CC[C@H]21)C)O"
"137","CCCCCCCCCCCCCCCCCCCCCCCCCCCC"
"138","[C@H]1(CC(=C(C(C1)(C)C)/C=C/C(=C/C=C/C(=C/C=C/C=C(/C=C/C=C(/C=C/C1=C(C[C@H](CC1(C)C)O)C)C)C)/C)/C)C)O"
"139","[C@@]123[C@]4(C2)[C@H](C([C@H](CC4)O)(C)C)CC[C@H]1[C@]1([C@](CC3)([C@H](CC1)[C@@H](CCC=C(C)C)C)C)C"
"140","C(CCCCCCCCCCCC)CCCCCCCCCCC"
"141","C(CCCCCCCCCCC)CCCCCCCCCC=C"
"142","O[C@@H]1C([C@H]2[C@@]3([C@@]4(C3)[C@H]([C@]3([C@](CC4)([C@H](CC3)[C@@H](CCC(=C)C(C)C)C)C)C)CC2)CC1)(C)C"
"143","C12=C([C@@]3([C@@H](CC2)C([C@H](CC3)O)(C)C)C)CC[C@]2([C@]1(CC[C@@H]2[C@@H](CCC=C(C)C)C)C)C"
"144","c12c(cc(c(c1)O[C@H]1O[C@@H]([C@@H]([C@H]([C@H]1O)O)O)CO)OC)ccc(=O)o2"
"145","C1[C@@H]([C@@]([C@@H]2[C@](C1)([C@@H]1[C@@](CC2)([C@]2(C(=CC1)[C@@H]1[C@@]([C@@H]([C@@H]2O)O)([C@H]([C@@H](C(C1)(C)C)OC(=O)/C(=CC)/C)OC(=O)/C(=CC)/C)CO)C)C)C)(C)C(=O)OC)O"
"146","CCCCCCCCCCCCCCCCCCCCCCCCC"
"147","C1[C@@H](CC2=CC[C@@H]3[C@@H]([C@]2(C1)C)CC[C@]1([C@@H]3CC[C@@H]1[C@@H](CCCC(C)C)C)C)OC(=O)/C=Cc1cc(c(cc1)O)OC"
"148","C1[C@@H](CC2=CC[C@@H]3[C@@H]([C@]2(C1)C)CC[C@]1([C@@H]3CC[C@@H]1[C@@H](C)CC[C@H](C(C)C)C)C)OC(=O)/C=C/c1cc(c(cc1)O)OC"
"149","[C@H]1(C(C[C@H](C=C1C)O)(C)C)/C=C/C(=C/C=C/C(=C/C=C/C=C(/C=C/C=C(/C=C/C1=C(C[C@@H](CC1(C)C)O)C)C)C)/C)/C"
"150","C(C)CCCCCCCCCCCCCCCCCCCCCCCCCCCCC"
"151","[C@]12([C@@H]([C@@H]3[C@@](CC2)(CC[C@H]3C(=C)C)C)CC[C@H]2[C@]1(CC[C@@H]1[C@@]2(CC[C@@H](C1(C)C)O)C)C)C"
"152","c1(c(c(=O)c2c(o1)cc(cc2O)O)O[C@@H]1O[C@H](CO[C@H]2[C@@H]([C@@H]([C@H]([C@@H](O2)C)O)O)O)[C@H]([C@@H]([C@H]1O)O)O)c1cc(c(cc1)O)O"
"153","C(CCCCCCCCCCCCCC)CCCCCCCCCCCCCC"
"154","C(CCCCCCCCCCCCCCCCCCCCCC)CCCCCCCCCCCCCCCCCCCCC"
"155","[C@]12([C@@H]([C@@H]3[C@@](CC2)(CC[C@H]3C(=C)C)C)CC[C@H]2[C@]1(CC[C@@H]1[C@@]2(CC[C@@H](C1(C)C)OC(=O)C)C)C)C"
"156","O[C@@H]1CC2=CC[C@@H]3[C@H]4[C@]([C@@H](CC4)[C@H](CC[C@@H](C(C)C)C)C)(CC[C@H]3[C@]2(CC1)C)C"
"157","O[C@@H]1CC2=CC[C@H]3[C@H]4[C@@]([C@H](CC4)[C@@H](CCC(=C)C(C)C)C)(CC[C@@H]3[C@]2(CC1)C)C"
"158","CCCCCCCCCCCCCCCC/C=C/CCCCCCCCCCCCCCCCC"
"159","c12c(n(cc/c/1=Cc1c3c(n(cc1)CCC(C)C)cccc3)CCC(C)C)cccc2"
"160","C1[C@H](CC2=CC[C@@H]3[C@@H]([C@]2(C1)C)CC[C@]1([C@@H]3CC[C@@H]1[C@@H](C)/C=C/[C@@H](C(C)C)CC)C)O[C@@H]1O[C@@H]([C@H]([C@@H]([C@H]1O)O)O)CO"
"161","[C@@H]1(CC[C@]2([C@H]([C@@H]1C)CC=C1[C@@H]3CC[C@H]([C@@H](CCC(=C)C(C)C)C)[C@@]3(C)CC[C@H]21)C)O"
"162","C(CCCCCCCCCCCCCCCCCCCCCCCCCCCCCCC)O"
"163","C(CCCCCCCCCCCCCCC)CCCCCCCCCCCCCC"
"164","[C@]12([C@H]([C@@H]3[C@@H]([C@]4(C(=CC3)C[C@H](O[C@H]3[C@@H]([C@H]([C@@H]([C@H](O3)CO)O)O)O)CC4)C)CC2)CC[C@H]1[C@@H](CC[C@@H](C(C)C)CC)C)C"
"165","[C@]12([C@H]([C@@H]3[C@@H]([C@]4(C(=CC3)C[C@H](O)CC4)C)CC2)CC[C@H]1[C@@H](CC[C@@H](C(C)C)CC)C)C"
"166","c1(c(cc2c(c1)occ(c2=O)c1ccc(cc1)O)OC)O"
"167","C1([C@H](C(=CCC1)C)/C=C/C(=C/C=C/C(=C/C=C/C=C(/C=C/C=C(/C=C/C=C(/CCC=C(C)C)C)C)C)/C)/C)(C)C"
"168","CCCCCCCCCCC(CCCCCCCCCCC)CCCCCCCCCC"
"169","CCCCCCCCCCC[C@@H](CCCCCCCCC)CCCCCCCCCC"
"170","CCCCCCCCCCCC[C@@H](CCC[C@@H](CCC[C@@H](CCCCCCCCCCCC)C)C)C"
"171","C1CC[C@]2([C@@H](C1)CC[C@H]1[C@H]3CC[C@H](CC)[C@@]3(C)CC[C@H]21)C"
"172","C1[C@@H]([C@H]([C@@H]2[C@](C1)([C@@H]1C(=CC2)[C@]2([C@](CC1)([C@H](CC2)[C@@H](CC[C@H](C(=C)C)CC)C)C)C)C)C)OC(=O)C"
"173","C1[C@H](C[C@@H]2[C@@](C1)([C@@H]1C(=CC2)[C@H]2[C@@](CC1)([C@@H](CC2)[C@@H](CC[C@@H](C(C)C)C)C)C)C)O"
"174","C1[C@H](C[C@@H]2[C@@](C1)([C@@H]1C(=CC2)[C@H]2[C@@](CC1)([C@@H](CC2)[C@@H](/C=C/[C@@H](C(C)C)C)C)C)C)O"
"175","[C@@H]1(CC[C@@]23[C@H](C1(C)C)CC[C@@H]1[C@]2(CC[C@]2([C@]1(CC[C@@H]2[C@H](CO)CCC(=C)C(C)C)C)C)C3)O"
"176","C(=Cc1cc(c(cc1)O)OC)/C(=O)O[C@H]1CC[C@@]23[C@H](C1(C)C)CC[C@@H]1[C@]2(CC[C@]2([C@]1(CC[C@@H]2[C@H](C)CCC(=C)C(C)C)C)C)C3"
"177","[C@H]1(CC[C@]2([C@@H](C1)CC[C@H]1[C@@H]3CC[C@H]([C@@H](/C=C/[C@@H](C(C)C)CC)C)[C@@]3(C)CC[C@H]21)C)O"
"178","[C@H]1(CC[C@]2(C(=CC[C@H]3[C@@H]4CC[C@H]([C@@H](/C=C/[C@@H](C(C)C)CC)C)[C@@]4(C)CC[C@H]23)C1)C)O"
"179","[C@H]12[C@H]3[C@@]([C@H](CC3)[C@@H](CC[C@H](C(C)C)CC)C)(CC[C@@H]1[C@@]1([C@@H](CC2)C[C@H](CC1)O)C)C"
"180","O[C@H]1[C@@H]([C@@H]2[C@@](C3=CC[C@]4([C@]([C@H]3CC2)(CC[C@@H]4[C@H](CC[C@H](C(C)C)C)C)C)C)(CC1)C)C"
"181","C1C2=C([C@]3([C@](C1)([C@H](CC3)[C@@H](CCC(=C)C(C)C)C)C)C)CC[C@H]1[C@@]2(CC[C@@H](C1(C)C)O)C"
"182","O[C@@H]1CC2=CC[C@H]3[C@H]4[C@@]([C@H](CC4)[C@@H](CC/C(=CC)/C(C)C)C)(CC[C@@H]3[C@]2(CC1)C)C"
"183","C(CCCCCCCCCC(C)C)CCCCCCCCC(C)C"
"184","OC1=C(C(=O)O[C@@H]1[C@@H](O)CO)O[C@@H]1[C@H](O)[C@@H](O)[C@H](O)[C@H](O1)CO"
"185","C[C@@H](CCC[C@@H](C)C(=C)C)[C@@H]1[C@@]2([C@@](CC1)([C@H]1[C@@]3(CC2)[C@@]2([C@H](CC1)[C@@H]([C@H](CC2)O)C)C3)C)C"
"186","O[C@@H]1[C@@H]([C@H]2[C@@]3([C@@]4(C3)[C@H]([C@@]3([C@](CC4)([C@H](CC3)[C@H](CCCC(C)C)C)C)C)CC2)CC1)C"
"187","O[C@H]1[C@@H]([C@@H]2[C@@](C3=CC[C@]4([C@]([C@H]3CC2)(CC[C@@H]4[C@H](CCCC(C)C)C)C)C)(CC1)C)C"
"188","[C@H]1(CC[C@@]2([C@@H]([C@@H]1C)CCC1=C2CC[C@@]2([C@]1(CC[C@H]2[C@@H](CCC=C(C)C)C)C)C)C)O"
"189","[C@H]1([C@H]([C@H]2[C@](CC1)([C@@H]1C(=CC2)[C@H]2[C@](CC1)([C@H](CC2)[C@H](CC[C@H](C(C)C)C)C)C)C)C)O"
"190","[C@@H]1(CC[C@]2([C@H]([C@@H]1C)CC=C1[C@@H]3CC[C@H]([C@@H](CCCC(C)C)C)[C@@]3(C)CC[C@H]21)C)O"
"191","[C@H]1(CC[C@]2([C@@H]([C@@H]1C)CCC1=C2CC[C@]2([C@]1(CC[C@@H]2[C@@H](CCC(=C(C)C)C)C)C)C)C)O"
"192","[C@@H]1(CC[C@]2([C@H]([C@@H]1C)CC=C1[C@@H]3CC[C@H]([C@@H](CCC(=C(C)C)C)C)[C@@]3(C)CC[C@H]21)C)O"
"193","[C@@H]1(CC[C@]2([C@H]([C@@H]1C)CC=C1[C@@H]3CC[C@H]([C@@H](CCC(=C(C)C)CC)C)[C@@]3(C)CC[C@H]21)C)O"
"194","O[C@@H]1CC2=C(C=C3[C@H]4[C@@]([C@H](CC4)[C@@H](CCCC(C)C)C)(CC[C@@H]3[C@]2(CC1)C)C)F"
"195","[C@H]1([C@H]([C@@H]([C@H]([C@H](O1)Oc1c(c2c(cc1OC)O[C@H](CC2=O)c1cc(c(cc1)O)O)O)O)O)O)CO"
"196","Oc1c(c2c(cc1OC)O[C@H](CC2=O)c1cc(c(cc1)O)O)O"
"197","C(CCCCCCCC)(CCCCCCCC)CCCCCCCC"
"198","O(C(C/C=C/C(=C/C=C/C(=C/C=C/C(=C/C=C/C=C(/C=C/C=C(/C=C/C=C(/CCC=C(C)C)C)C)C)/C)/C)/C)(C)C)C"
"199","C1[C@@H](C[C@@]2([C@](C1(C)C)(O2)/C=C/C(=CC=C/C(=C/C=C/C=C(/C=C/C=C(/C=C/C1=C(CCCC1(C)C)C)C)C)/C)/C)C)O"
"200","[C@H]1(C([C@@H]2[C@]3(CC1)[C@]1([C@@H](CC2)[C@]2([C@@](CC1)(C)[C@H](CC2)[C@@H](CCCC(C)C)C)C)C3)(C)C)OC(=O)C"
"201","O[C@@H]1[C@H]([C@H]2[C@@]3([C@@]4(C3)[C@H]([C@]3([C@](CC4)([C@H](CC3)[C@@H](CCC(=C)C(C)C)C)C)C)CC2)CC1)C"
"202","O[C@@H]1[C@](C)(CO)[C@@H]2[C@@]3([C@@]4(C3)[C@@H](CC2)[C@]2([C@](C)(CC4)[C@H]([C@@H](O)C2)[C@@H](CC[C@@H](C(O)(C)C)O)C)C)CC1"
"203","C1C[C@@]2([C@@H]3[C@@]4([C@@H]1OC)[C@@H]1[C@@H]5[C@@]([C@@H]([C@@H]3OC)[C@H]4N(C)C2)([C@H]([C@@H]([C@]([C@@H]5OC(=O)c2ccccc2)(C1)O)OC)O)OC(=O)C)COC"
"204","C1=C([C@]2([C@@H]([C@H](O1)O[C@H]1[C@@H]([C@H]([C@@H]([C@H](O1)CO)O)O)O)[C@@](CC2)(O)C)O)C(=O)OC"
"205","C1C(=O)C([C@@H]2[C@](C1)([C@@H]1[C@@](CC2)([C@]2(C(=CC1)[C@H]1[C@@](CC2)([C@@H](CC(C1)(C)C)OC(=O)/C(=C/C)/C)C(=O)O)C)C)C)(C)C"
"206","C1=CCC2=C[C@H]([C@@H]3[C@@H]([C@]2(C1=O)C)CC[C@@]1([C@@]24[C@@H](C(=O)[C@]3(O4)O)[C@]3(C(=C)C(=O)O[C@@H]([C@@]2(OC1=O)C)C3)C)O)O"
"207","c1(cc(c2c(c1)C(=O)c1c(C2=O)c(cc(c1)OC)O)O[C@@H]1O[C@@H]([C@H]([C@@H]([C@H]1O)O)O)CO[C@@H]1O[C@@H]([C@H]([C@@H]([C@H]1O)O)O)CO)C"
"208","C1[C@H](C[C@@H]2[C@](C1)([C@@H]1[C@@H]([C@@H](C2)O)[C@@H]2[C@](CC1)([C@H](CC2)[C@@H](C)CCC(=O)NCCS(=O)(=O)O)C)C)O"
"209","[C@@]12([C@]3(C(=CC[C@@H]1[C@@]1([C@@H](CC2)C([C@H](CC1)O)(C)C)C)[C@H]1[C@@](CC3)(CCC(C1)(C)C)C)C)C"
"210","[C@H]12[C@H]3[C@@H]([C@@]4([C@@H](CC3)C[C@H](CC4)O)C)CC[C@@]1([C@H](CC2)[C@@H](CCCC(C)C)C)C"
"211","O[C@@H]1CC(C(=C(C1)C)/C=C/C(=C/C=C/C(=C/C=C/C=C(/C=C/C=C(/C=C/C1=C(CCCC1(C)C)C)C)C)/C)/C)(C)C"
"212","O[C@@H]1C([C@H]2[C@@](C3=C([C@]4([C@@]([C@H](CC4)[C@@H](CCCC(C)C)C)(CC3)C)C)CC2)(CC1)C)(C)C"
"213","[C@H]1(CC[C@]2([C@@H](C1(C)C)CCC1=C2CC[C@]2([C@@]1(C)CC[C@@H]2[C@@H](CCCC(C)C)C)C)C)O"
"214","[C@H]12C3=CC[C@@H]4[C@@]([C@H]3CC[C@@]1([C@H](CC2)[C@@H](CCCC(C)C)C)C)(CC[C@@H](C4)O)C"
"215","C1(=C(C[C@H](CC1(C)C)O)C)/C=CC(=CC=CC(=CC=CC=C(C=CC=C(/C)[C@@H]1C=C2[C@H](C[C@@H](CC2(C)C)O)O1)/C)C)C"
"216","O[C@@H]1[C@H]([C@H]2[C@@](C3=C([C@]4([C@@]([C@H](CC4)[C@@H](CCC(=C)C(C)C)C)(CC3)C)C)CC2)(CC1)C)C"
"217","C(=O)(c1ccc(cc1)[N](=O)O)OCCCCCCCCCCCCCCCCCC"
"218","CCCCCCCCCCCCCCCCCCCCCCCCCCCCCCO"
"219","C1N([C@@H](c2c(C1)cc(c(c2)OC)OC)Cc1cc(Oc2ccc(C[C@@H]3c4cc(c(OC)cc4CCN3C)OC)cc2)c(cc1)O)C"
"220","[C@@]123C(=O)[C@H]([C@H]4[C@@H](C[C@H]1C)C4(C)C)C=C(COC(=O)CCCCCCCCCCCCCCC)[C@H]([C@@]2([C@H](C(=C3)C)O)O)O"
"221","c1(c(c(cc(c1)C(=O)OC[C@@]1([C@H]([C@@H](OC1)OC[C@@H]1[C@H]([C@@H]([C@H]([C@@H](O1)Oc1c(ccc(c1)OC)C(=O)C)O)O)O)O)O)O)O)O"
"222","c1c(cc2c(c1O)c(=O)c(c(o2)c1ccc(cc1)O)O[C@H]1O[C@H]([C@@H]([C@H]1O)O)CO)O"
"223","c1(c(cccc1)C(=O)OCCCCCC(C)C)C(=O)OCCCCCC(C)C"
"224","c12c(OCO1)cc1c(c2)[C@@H]2[C@H](O1)c1c(OC2)cc(cc1)O"
"225","n1c(nc2c(c1O)N(C[C@@H](N2)CNc1ccc(C(=O)N[C@@H](C(=O)O)CCC(=O)O)cc1)C=O)N"
"226","C(=O)(CCCCCCCCC/C=CCCCCCCCC)OC"
"227","[C@@H]1(CC[C@]2([C@H](C1(C)C)CC[C@@]1(C)[C@]3(C)CC[C@@]4(C(=O)O)CCC(C)(C)C[C@@H]4C3=CC[C@@H]21)C)O"
"228","C1[C@@H](C([C@@H]2[C@](C1)([C@H]1[C@@](CC2)(CC2=CC(=O)[C@@H]3[C@@]([C@H]2CC1)(CC[C@@H](C3(C)C)O)C)C)C)(C)C)O"
"229","C1[C@H](C([C@@H]2[C@@](C1)([C@@H]1[C@@](C[C@@H]2O[C@H]2[C@@H]([C@H]([C@@H]([C@H](O2)CO)O)O)O)([C@]2([C@H]([C@@H](C1)O)[C@H](CC2)[C@@](CCC=C(C)C)(C)O)C)C)C)(C)C)O"
"230","C1[C@H](C([C@@H]2[C@@](C1)([C@@H]1[C@@](C[C@@H]2O)([C@]2([C@H]([C@@H](C1)O)[C@H](CC2)[C@@](CCC=C(C)C)(C)O)C)C)C)(C)C)O"
"231","C1[C@H](C([C@@H]2[C@@](C1)([C@@H]1[C@@](C[C@@H]2O[C@H]2[C@@H]([C@H]([C@@H]([C@H](O2)CO)O)O)O)([C@]2([C@H]([C@@H](C1)O)[C@H](CC2)[C@@](CCC=C(C)C)(O)C)C)C)C)(C)C)O"
"232","C1[C@H](C([C@@H]2[C@@](C1)([C@@H]1[C@@](C[C@@H]2O)([C@]2([C@H]([C@@H](C1)O)[C@H](CC2)[C@@](CCC=C(C)C)(O)C)C)C)C)(C)C)O"
"233","[C@@]12([C@]3([C@@H]([C@H](CC3)[C@@](CCC=C(C)C)(C)O)[C@@H](C[C@@H]1[C@@]1([C@@H]([C@H](C2)O[C@@H]2[C@H](O[C@H]3[C@@H]([C@@H]([C@H]([C@@H](O3)C)O)O)O)[C@H]([C@@H]([C@H](O2)CO)O)O)C([C@H](CC1)O)(C)C)C)O)C)C"
"234","[C@@]12([C@]3([C@@H]([C@H](CC3)[C@@](CCC=C(C)C)(C)O)[C@@H](C[C@@H]1[C@@]1([C@@H]([C@H](C2)O)C([C@H](CC1)O)(C)C)C)O)C)C"
"235","[C@@]12([C@]3([C@@H]([C@H](CC3)[C@@](CCC=C(C)C)(O)C)[C@@H](C[C@@H]1[C@@]1([C@@H](CC2)C([C@H](CC1)O)(C)C)C)O)C)C"
"236","C1[C@H](C([C@@H]2[C@@](C1)([C@@H]1[C@@](C[C@@H]2O[C@H]2[C@@H]([C@H]([C@@H]([C@H](O2)CO)O)O)O[C@H]2[C@@H]([C@@H]([C@H]([C@@H](O2)C)O)O)O)([C@]2([C@H]([C@@H](C1)O)[C@H](CC2)[C@@](CCC=C(C)C)(O)C)C)C)C)(C)C)O"
"237","C1[C@H](C([C@@H]2[C@@](C1)([C@@H]1[C@@](CC2)([C@]2([C@H]([C@@H](C1)O)[C@H](CC2)[C@@](CCC=C(C)C)(O)C)C)C)C)(C)C)O[C@H]1[C@@H]([C@H]([C@@H]([C@H](O1)CO)O)O)O[C@H]1[C@@H]([C@H]([C@@H]([C@H](O1)CO)O)O)O"
"238","C1[C@H](C([C@@H]2[C@@](C1)([C@@H]1[C@@](CC2)([C@]2([C@H]([C@@H](C1)O)[C@H](CC2)[C@@](CCC=C(C)C)(O)C)C)C)C)(C)C)O"
"239","C1[C@H]([C@@]([C@@H]2[C@@](C1)([C@@H]1[C@@](CC2)([C@]2(C(=CC1)[C@@H]1[C@](CC2)(C(=O)O)CCC(C1)(C)C)C)C)C)(C)C=O)O[C@@H]1O[C@@H]([C@H]([C@@H]([C@H]1O)O)O)C(=O)O"
"240","C1[C@H]([C@@]([C@@H]2[C@@](C1)([C@@H]1[C@@](CC2)([C@]2(C(=CC1)[C@@H]1[C@](CC2)(C(=O)O)CCC(C1)(C)C)C)C)C)(C)C=O)O"
"241","c1(cc(cc(c1)CCCCCCCCCCC/C=C/CCCC)O)O"
"242","O[C@@H]1C([C@@H]2[C@](CC1)([C@@H]1[C@@](CC2)([C@]2([C@@H]([C@@H](C1)O)[C@@H](CC2)[C@](CCC=C(C)C)(O)C)C)C)C)(C)C"
"243","c1(c(c(c2c(c1)oc(cc2=O)c1cc(c(cc1)O)O)O)OC)O[C@@H]1[C@@H]([C@@H]([C@H]([C@@H](O1)C)O)O)O"
"244","c1(c(c(c2c(c1)oc(cc2=O)c1cc(c(cc1)O)O)O)OC)O"
"245","n1cnc2c(c1N)ncn2[C@@H]1[C@H]([C@@H]([C@@H](O1)CO[P@](=O)(O)O[P@@](=O)(O)P(=O)(O)O)O)O"
"246","c1ccc(cc1)C(=C)C(=O)O[C@H]1C[C@@H]2[C@@H]3[C@H]([C@H](C1)N2)O3"
"247","O[C@@H]1C([C@H]2[C@](CC1)([C@@H]1[C@@](CC2)([C@]2(C(=CC1)[C@@H]1[C@@](CC2)(CCC(C1)(C)C)C(=O)O)C)C)C)(C)C"
"248","O1C[C@H]([C@H]([C@@H]([C@]1(CN[C@@H](C(=O)O)CCCNC(=N)N)O)O)O[C@@H]1O[C@@H]([C@H]([C@@H]([C@H]1O)O)O)CO)O"
"249","O1C[C@H]([C@H]([C@@H]([C@]1(CN[C@@H](C(=O)O)CCCNC(=N)N)O)O)O)O"
"250","N1(CCCNC(=O)C[C@@H](NCCCC1)c1ccccc1)C(=O)c1ccccc1"
"251","CC(CC[C@@](CC(=O)OC)(C(=O)O[C@H]1[C@@H]2[C@@]3(C=C1OC)N(CCc1c2cc2OCOc2c1)CCC3)O)C"
"252","C(CC/C=C/C/C=C/C/C=C/C/C=C/CCCC(=O)O)CC"
"253","c1ccc2c(c1)c(=O)c1c(o2)c2c(oc1=O)cccc2"
"254","C1[C@@](C([C@@H]2[C@](C1)([C@@H]1[C@](CC2)(C)[C@@]2(CC[C@@H]3[C@@H](O)C[C@@H](O[C@@H](C1)[C@@H]23)C=C(C)C)C)C)(C)C)(O)C"
"255","C1[C@H](C([C@@H]2[C@@](C1)([C@@H]1[C@@](CC2)([C@]2([C@H]([C@@H](C1)O)[C@H](CC2)[C@](CCC=C(C)C)(O)C)C)C)C)(C)C)O"
"256","C1[C@H](C([C@H]2[C@](C1)([C@@H]1[C@@](CC2)([C@]2([C@H]([C@@H](C1)O)[C@H](CC2)[C@](CCC=C(C)C)(O)C)C)C)C)(C)C)O"
"257","C1C[C@]2([C@H](C(C)([C@H]1O)C)CC[C@@]1([C@@H]2C[C@H]([C@H]2[C@]1(CC[C@@H]2[C@](CCC=C(C)C)(O)C)C)O)C)C"
"258","O([C@@H]1[C@@H]2[C@@]([C@@H]3[C@]([C@]4([C@@H]([C@H](CC4)[C@@](O)(CCC=C(C)C)C)[C@H](O)C3)C)(C1)C)(CC[C@H](O)C2(C)C)C)[C@@H]1O[C@@H]([C@@H](O)[C@H](O)[C@H]1O[C@@H]1O[C@@H]([C@@H](O)[C@H](O)[C@H]1O)CO)CO"
"259","C1[C@@H](C([C@H]2[C@](C1)([C@@H]1[C@@](C[C@@H]2O)([C@]2([C@H]([C@@H](C1)O)[C@H](CC2)[C@@](CCC=C(C)C)(O)C)C)C)C)(C)C)O"
"260","C1[C@@H](C([C@H]2[C@](C1)([C@@H]1[C@@](C[C@@H]2O[C@H]2[C@@H]([C@H]([C@@H]([C@H](O2)CO)O)O)O)([C@]2([C@H]([C@@H](C1)O)[C@H](CC2)[C@@](CCC=C(C)C)(C)O[C@H]1[C@@H]([C@H]([C@@H]([C@H](O1)CO)O)O)O)C)C)C)(C)C)O"
"261","O[C@@H]1[C@@H]2[C@@]([C@@]3([C@H]([C@@]4([C@H](CC3)C([C@H](O[C@@H]3O[C@H]([C@H](O)[C@@H](O)[C@H]3O[C@@H]3O[C@H]([C@H](O)[C@H](O)[C@H]3O)CO)CO)CC4)(C)C)C)C1)C)(CC[C@H]2[C@@](O)(CCC=C(C)C)C)C"
"262","O[C@@H]1[C@@H]2[C@@]([C@@]3([C@H]([C@@]4([C@H](CC3)C([C@H](O)CC4)(C)C)C)C1)C)(CC[C@H]2[C@@](O)(CCC=C(C)C)C)C"
"263","O[C@H]1[C@H]2[C@]([C@]3([C@@H]([C@@]4([C@@H](CC3)C([C@@H](O[C@@H]3O[C@@H]([C@@H](O)[C@H](O)[C@H]3O)CO)CC4)(C)C)C)C1)C)(CC[C@@H]2[C@@](O)(CCC=C(C)C)C)C"
"264","C1[C@@H](C([C@H]2[C@](C1)([C@@H]1[C@@](CC2)([C@]2([C@H]([C@@H](C1)O)[C@H](CC2)/C(=CCC=C(C)C)/C)C)C)C)(C)C)O[C@@H]1O[C@@H]([C@H]([C@@H]([C@H]1O)O)O)CO"
"265","C1[C@@H](C([C@H]2[C@](C1)([C@@H]1[C@@](CC2)([C@]2([C@H]([C@@H](C1)O)[C@H](CC2)/C(=CCC=C(C)C)/C)C)C)C)(C)C)O"
"266","C1[C@@H](C([C@@H]2[C@](C1)([C@@H]1[C@@](C[C@H]2O[C@H]2[C@@H]([C@H]([C@@H]([C@H](O2)CO)O)O)O)([C@]2([C@H]([C@@H](C1)O)[C@H](CC2)/C(=CCC=C(C)C)/C)C)C)C)(C)C)O"
"267","C1[C@@H](C([C@@H]2[C@](C1)([C@@H]1[C@@](C[C@H]2O)([C@]2([C@H]([C@@H](C1)O)[C@H](CC2)/C(=CCC=C(C)C)/C)C)C)C)(C)C)O"
"268","c1ccc2c(c1)c1c([nH]2)c2c(c(c1)C)OC(C=C2)(C)C"
"269","C1(=C2C(=CC3=C[C@@H]([C@@]([C@H](c4c([C@@H]13)c(c(c(c4)OC)OC)OC)OC(=O)/C(=CC)/C)(O)C)C)OCO2)OC"
"270","C1C[C@@H]([C@@]23[C@]([C@@H]1O)([C@H]([C@@H]([C@@H](C2)C(O3)(C)C)OC(=O)c1ccccc1)OC(=O)C)CO)C"
"271","C1[C@H](C([C@@H]2[C@](C1)([C@@H]1[C@@](CC2)([C@]2([C@H]([C@@H](C1)O)[C@H](CC2)[C@](CCC=C(C)C)(O)C)C)C)C)(C)C)O"
"272","O[C@H]1C([C@@H]2[C@](CC1)([C@@H]1[C@@](CC2)([C@]2([C@@H]([C@H](C1)O)[C@@H](CC2)[C@](CCC=C(C)C)(O)C)C)C)C)(C)C"
"273","[C@H]1([C@H]([C@@H]([C@H]([C@H](O1)O[C@H]1[C@@H]([C@H]([C@@H](O[C@@H]1CO)O)O)O)O)O)O)CO"
"274","O(C(=O)CCCCCCCCCCCCCCCCCCCCCC)C"
"275","O[C@H]1[C@@H]2[C@@](CC[C@H]2[C@@](CCC=C(C)C)(C)O)([C@@]2([C@@H](C1)[C@@]1([C@H]([C@H](C2)O[C@@H]2O[C@@H]([C@H]([C@@H]([C@H]2O[C@H]2OC[C@H]([C@@H]([C@H]2O)O)O)O)O)CO)C([C@H](CC1)O)(C)C)C)C)C"
"276","O[C@H]1[C@@H]2[C@@](CC[C@H]2[C@@](CCC=C(C)C)(C)O)([C@@]2([C@@H](C1)[C@@]1([C@H]([C@H](C2)O)C([C@H](CC1)O)(C)C)C)C)C"
"277","C1[C@@H](C([C@@H]2[C@](C1)([C@@H]1[C@@](CC2)([C@]2([C@@H]([C@@H](C1)O)[C@H](CC2)[C@@]1(CCCC(O1)(C)C)C)C)C)C)(C)C)O"
"278","[C@@]12([C@]3([C@@H]([C@H](CC3)[C@@]3(OC(CCC3)(C)C)C)[C@@H](C[C@@H]1[C@@]1([C@@H]([C@@H](C2)O)C([C@H](CC1)O)(C)C)C)O)C)C"
"279","c12c(c(c3c(c1)[C@@H]1[C@@H](NC3=O)[C@@H]([C@@H]([C@H]([C@@H]1O)O)O)O)O)OCO2"
"280","O1[C@@H]([C@@H](C(=O)N[C@H](C(=O)NC[C@@H](c2ccc1cc2)O)Cc1ccccc1)NC(=O)[C@H](N(C)C)[C@H](CC)C)C(C)C"
"281","c1c(c(c(c(c1C)C(=O)Oc1cc(c(c(c1)O)C(=O)O)C)O)C)OC"
"282","COc1c(OC)ccc(c1)C[C@@H]1/C(=C/c2ccc3c(c2)OCO3)/C(=O)OC1"
"283","O1[C@@H]2[C@H](c3c1cc1OCOc1c3)COc1c2ccc(O[C@@H]2O[C@@H]([C@@H](O)[C@H](O)[C@H]2O)CO)c1"
"284","C(N(C(C)C)C(C)C)(N(C(C)C)C(C)C)C(=O)OC[C@H]([C@H]([C@@H]([C@H](C(=O)O)O)O)O)O"
"285","c1(c(c2c(oc1=O)c(c(c(c2O)CC=C(C)C)O)C(=O)C1=CCC[C@@H](/C/1=C(O)/CC)C)C)C"
"286","[C@@]12([C@@]3([C@@H]([C@H](CC3)[C@@H](CCCC(C)C)C)CC[C@@H]1[C@@]1([C@@H](CC2)C(CCC1)(C)C)C)C)C"
"287","O([C@@H]1CC2=CC[C@H]3[C@@H]4[C@@]([C@@H](CC4)[C@H](CC[C@H](C(C)C)CC)C)(CC[C@H]3[C@]2(CC1)C)C)[C@@H]1O[C@@H]([C@@H](O)[C@H](O)[C@H]1O)CO"
"288","O[C@@H]1CC2=CC[C@H]3[C@@H]4[C@@]([C@@H](CC4)[C@H](CC[C@H](C(C)C)CC)C)(CC[C@H]3[C@]2(CC1)C)C"
"289","O[C@@H]1[C@H]2[C@@]([C@H]3[C@H]([C@@]4([C@H](C[C@@H]3C)C([C@H](O[C@@H]3O[C@@H]([C@@H](O)[C@H](O)[C@H]3O[C@@H]3O[C@@H]([C@@H](O)[C@H](O)[C@H]3O)CO)CO)CC4)(C)C)C)C1)(CC[C@@H]2/C(=C/CC=C(C)C)/C)C"
"290","O[C@@H]1[C@H]2[C@@]([C@H]3[C@H]([C@@]4([C@H](C[C@@H]3C)C([C@H](O)CC4)(C)C)C)C1)(CC[C@@H]2/C(=C/CC=C(C)C)/C)C"
"291","[C@@]12([C@]3([C@H]([C@H]4[C@@](CC3)(CCC(C4)(C)C)C)CC[C@H]1[C@@]1([C@@H](CC2)C(CCC1)(C)C)C)C)C"
"292","c12c3c(ccc1CC(=O)c1c(CCN(C2)C)cc2c(c1)OCO2)OCO3"
"293","c12c(ccc3c1C(=O)C(=O)C1=C3OC[C@H]1C)C(=CCC2)C"
"294","C1[C@@H](CC2=CC[C@@H]3[C@@H]([C@]2(C1)C)CC[C@]1([C@H]3CC[C@@H]1[C@@H](/C=C/[C@H](CC)C(C)C)C)C)O"
"295","C1[C@@H](CC2=CC[C@@H]3[C@@H]([C@]2(C1)C)CC[C@]1([C@H]3CC[C@@H]1[C@@H](CC[C@@H](C(C)C)CC)C)C)O"
"296","O(c1c2c(occ2)cc2oc(=O)ccc12)CC=C(C)C"
"297","C1(=C(C=c2c(=[O]1)cc(cc2O)O)O)c1cc(c(cc1)O)O"
"298","C1[C@@H](C([C@H]2[C@](C1)([C@@H]1[C@@](CC2)([C@]2(C(=CC1)[C@H]1[C@@](CC2)(CCC(C1)(C)C)C(=O)O)C)C)C)(C)C)OC(=O)C"
"299","[C@@]12([C@]3(C(=CC[C@@H]1[C@@]1([C@@H](CC2)C([C@H](CC1)O)(C)C)C)[C@H]1[C@@](CC3)(CCC(C1)(C)C)C(=O)O)C)C"
"300","c12c(ccc3c1C(=O)C(=O)c1c3occ1C)C(CC=C2)(C)C"
"301","O1[C@](CCC[C@@H](CCC[C@@H](CCCC(C)C)C)C)(CCc2c1c(c(c(O)c2C)C)C)C"
"302","c12c(c(c(c(c2)O[C@@H]2O[C@@H]([C@H]([C@@H]([C@H]2O)O)O)C(=O)O)O)O)c(=O)cc(o1)c1ccccc1"
"303","C12=CC[C@@H]3[C@@]4([C@H](C([C@@H]([C@@H](C4)O)O)(C)C)CC[C@]3([C@@]1(CC[C@@]1([C@H]2[C@@]([C@@H](CC1)C)(O)C)C(=O)O)C)C)C"
"304","[C@@]12([C@H](C3=CC[C@H]4[C@]([C@@]3(CC1)C)(CC[C@@H]1[C@@]4(CC[C@@H](C1(C)C)O)C)C)[C@H]([C@@H](CC2)C)C)C(=O)O"
"305","C12=CC[C@@H]3[C@@]4([C@H](C([C@H]([C@@H](C4)O)O)(C)C)CC[C@]3([C@@]1(CC[C@@]1([C@H]2[C@H]([C@@H](CC1)C)C)C(=O)O)C)C)C"
"306","OC(=O)c1cc(c(c(c1)O)O)OC(=O)c1cc(c(c(c1)O)O)O"
"307","c12c(c(=O)cc(o1)c1cc(c(cc1)O)O)c(cc(c2)O)O"
"308","Oc1c2c(C(=O)c3c(C2=O)cccc3O)cc(c1)C"
"309","C1([C@H]2[C@@]([C@@H]3[C@@](CC2)([C@]2(C(=CC3)[C@H]3[C@@](CC2)(CC[C@H]([C@@H]3C)C)C)C)C)(CC[C@H]1O)C)(C)C"
"310","C1CC(c2c(C1=O)c1c(cc2)cc(c(c1O)O)C(C)C)(C)C"
"311","c12c(c3c(C(=O)C1=O)c1c(cc3)C(=CCC1)C)occ2C"
"312","c12c(ccc3c1C(=O)C(=O)C(=C3)C(C)C)C(CC=C2)(C)C"
"313","C(CCCCCCCCCCCCCCCCCCCOC=O)C"
"314","C1(CCC(=O)c2c1ccc1c2C(=O)C2=C(C1=O)[C@@H](CO2)C)(C)C"
"315","c1ccc(c2c1c1c(cc2)C=C(C(=O)C1=O)C(C)C)C"
"316","C12=CC[C@@H]3[C@@]4([C@H](C([C@@H]([C@@H](C4)O)O)(C)C)CC[C@]3([C@@]1(CC[C@@]1([C@H]2[C@H]([C@@H](CC1)C)C)C(=O)O)C)C)C"
"317","c12c(c3c(cc1)c1c(C(=O)C3=O)c(co1)C)[C@@H](CCC2(C)C)O"
"318","c12c(c3c(cc1)c1c(C(=O)C3=O)c(co1)C)CC[C@@H](C2(C)C)O"
"319","c1(ccc(cc1O)c1oc2c(c1)c(ccc2O)/C=C/C(=O)O)O"
"320","c12c(ccc3c1C(=O)C(=O)C(=C3)C(C)C)C(=C)CCC2"
"321","c1c(c(cc(c1)c1c(c2c(c(cc(c2)CCCO)OC)o1)C=O)OC)O"
"322","[C@H]1([C@@H]2[C@H](C(=CO1)C(=O)OC)[C@H](C[C@]2(C)OC(=O)C)OC(=O)c1cc(c(c(c1)OC)O)OC)O[C@H]1[C@H](O)[C@@H](O)[C@H](O)[C@H](O1)CO"
"323","[C@H]1([C@@H]2[C@H](C(=CO1)C(=O)OC)[C@H](C[C@]2(C)OC(=O)C)OC(=O)c1cc(c(c(c1)OC)O)OC)O"
"324","C1CC([C@H]2[C@](C1)(C1=C(C(=O)C2)C(=O)C(=C(C1=O)O)C(C)C)C)(C)C"
"325","C1CC([C@H]2[C@](C1)(C1=C([C@H](C2)O)C=C(C(=O)C1=O)C(C)C)C)(C)C"
"326","c1(cc(ccc1O)[C@H]1[C@H](c2c(O1)c(ccc2/C=C/C(=O)O[C@@H](Cc1ccc(c(c1)O)O)C(=O)OC)O)C(=O)O[C@@H](Cc1ccc(c(c1)O)O)C(=O)O)O"
"327","c1cc(c2c(c1)c1c(cc2)c2c(C(=O)C1=O)c(co2)C)C=O"
"328","C1[C@@H](C(=C)c2c(C1)c1c(cc2)c2c(C(=O)C1=O)c(co2)C)O"
"329","c1cc(cc(c1O)O)C[C@H](C(=O)O)OC(=O)/C=C/c1ccc(c2c1[C@@H]([C@H](O2)c1cc(c(cc1)O)O)C(=O)O[C@@H](C(=O)O)Cc1cc(c(cc1)O)O)O"
"330","C1CC(=C)c2c(C1)c1c(cc2)c2c(C(=O)C1=O)c(co2)C"
"331","C1CC([C@H]2[C@]3(C1)c1c([C@H](C2=O)OC3=O)cc(c(c(c1=O)C(=O)C)O)C(C)C)(C)C"
"332","C1CC([C@@H]2C(=C1)[C@@H]1[C@]3(CC2)[C@](C(=O)O1)(C(=O)C(=C3)C(C)C)O)(C)C"
"333","C1CC([C@H]2C(=C1)Cc1c([C@@H](C2)OC)cc(c(c1O)O)C(C)C)(C)C"
"334","C1=CC2=Cc3c(CC[C@@H]2C(C1)(C)C)cc(c(c3O)O)C(C)C"
"335","o1c2c(c(c1)CO)C(=O)C(=O)c1c3CCCC(c3ccc21)(C)C"
"336","c1cc(c2c(c1)c1c(cc2)c2c(C(=O)C1=O)c(co2)CO)C"
"337","C1C[C@](c2c(C1)c1c(cc2)c2c(C(=O)C1=O)c(co2)C)(O)C"
"338","C1[C@H]([C@](c2c(C1)c1c(cc2)c2c(C(=O)C1=O)c(co2)C)(O)C)O"
"339","C1[C@H]([C@H](c2c(C1)c1c(cc2)c2c(C(=O)C1=O)c(co2)C)CO)O"
"340","c12ccc3c4c1[C@@H]([C@H](C(=O)c4ccc3C)C(C)C)OCC2(C)C"
"341","c1cc(cc(c1O)O)C[C@H](C(=O)O)OC(=O)/C=C/c1ccc(c2c1[C@H]([C@H](O2)c1cc(c(cc1)O)O)C(=O)O[C@@H](C(=O)O)Cc1cc(c(cc1)O)O)O"
"342","C1=C(C=C([C@@H]2[C@@H]1C=Cc1c(O2)cc(c(c1)O)O)O)/C=C/C(=O)O[C@@H](C(=O)O)Cc1cc(c(cc1)O)O"
"343","C1(=O)C(=O)C(=Cc2ccc(c(c12)CCC=C(C)C)C)C(C)C"
"344","C1CC([C@H]2[C@](C1)([C@@H]([C@](CC2)(C)O)CC[C@@](C=C)(C)O)C)(C)C"
"345","C1C[C@@](c2c(C1)c1c(cc2)c2c(C(=O)C1=O)c(co2)C)(C=O)C"
"346","c1cc(c2c(c1)c1c(cc2)c2c(C(=O)C1=O)c(co2)C)CO"
"347","C1CC(c2c(C1)c1c(cc2)C2=C(C(=O)[C@]1(O)CC(=O)C)[C@H](CO2)C)(C)C"
"348","c1cc(c2c(c1)c1c(cc2)C2=C(C(=O)[C@]1(O)CC(=O)C)[C@H](CO2)C)C"
"349","c1(c(ccc2c1C(=O)C(=O)C(=C2)C(C)C)C)CCCC(=C)C"
"350","c12c(ccc3c1c1C(=C(C3=O)C(C)C)OC(c1cc2)(C)C)C"
"351","O1C(=O)[C@@]23c4c([C@@H]1C[C@@H]2C(CCC3)(C)C)cc(c(c4O)O)C(C)C"
"352","c12c(ccc3c1C(=O)C(=O)C1=C3OC[C@@H]1C)C(CCC2)(C)C"
"353","c12c(c3c(cc1)C(=O)C(=C(C3=O)O)[C@H](C)CO)cccc2C"
"354","c12c(c3c(cc1)C(=O)C(=C(C3=O)O)C(C)C)cccc2C"
"355","c12c(c3c(cc1)C(=O)C(=C(C3=O)O)C)cccc2C"
"356","C1[C@@H]([C@](C2=C(O1)C(=O)c1c(C2=O)ccc2c1cccc2C)(CO)C)C"
"357","c1ccc(c2c1c1c(cc2)[C@]2(OCC1=O)C[C@H](CO2)C)C"
"358","O1[C@@]2(C[C@@H](C1)C)OC(=O)c1c2ccc2C(CCCc12)(C)C"
"359","[C@@H]1([C@@H]([C@H]([C@@H](O[C@@H]1CO)O[C@@H]1CC2=CC[C@@H]3[C@@H]([C@]2(CC1)C)CC[C@]1([C@H]3CC[C@@H]1[C@H](C)CC[C@@H](C(C)C)CC)C)O)O)O"
"360","[C@H]1(CC[C@]2([C@@H](C1(C)C)CC[C@@]1(C)[C@]3(C)CC[C@@]4(CO)CCC(=C)[C@H](C)[C@H]4C3=CC[C@H]21)C)O"
"361","C1(=O)C(=C(C(=O)c2c1c1c(cc2)C(CCC1)(C)C)C(C)C)O"
"362","c1c(c2c(cc1)c1c(cc2)C(=O)C2=C(C1=O)OC[C@H]2C)C"
"363","c1cc(c2c(c1)c1c(cc2)c2c(oc1=O)[C@H](CO2)C)C"
"364","c1ccc(c2c1c1c(cc2)C2=C(C(=O)C1=O)[C@@H](CO2)C)C"
"365","c1(cc(ccc1O)[C@H]1[C@H](c2c(O1)c(ccc2/C=C/C(=O)O[C@@H](Cc1ccc(c(c1)O)O)C(=O)OC)O)C(=O)O[C@@H](Cc1ccc(c(c1)O)O)C(=O)OC)O"
"366","c1c(c(cc(c1)[C@H]1Oc2c([C@H]1C(=O)OC)c(ccc2O)/C=C/C(=O)O[C@@H](C(=O)OC)Cc1ccc(c(c1)O)O)O)O"
"367","c1ccc(c2c1[C@@H]1[C@@H](C=C2)[C@]2(OCC1=O)C[C@H](CO2)C)C"
"368","c1c(ccc(c1)[C@H]1Oc2c([C@H]1C(=O)OCC)c(ccc2)/C=C/C(=O)O[C@@H](C(=O)O)Cc1ccccc1)O"
"369","C1CC([C@H]2[C@](C1)(c1c(CC2)cc(c(c1)O)C(C)C)C)(C)C"
"370","C1CCC(c2c1c1c(cc2)C(=O)C2=C(C1=O)OC[C@H]2C)(C)C"
"371","c1(c(cc2c(c1)C=Cc1c(O2)c(ccc1/C=CC(=O)O[C@@H](Cc1cc(c(cc1)O)O)C(=O)O)O)O)O"
"372","c12c(c3c(cc1)C(=O)c1c(C3=O)occ1C)CCC[C@]2(C)CO"
"373","C1CCC(c2c1c1c(cc2)C(=O)c2c(C1=O)occ2C)(C)C"
"374","c1c(c2c(cc1)c1c(cc2)C(=O)c2c(C1=O)occ2C)C"
"375","c1c(c(cc(c1)C[C@H](C(=O)O)OC(=O)/C=C/c1ccc(c2c1[C@@H]([C@H](O2)c1ccc(c(c1)O)O)C(=O)O)O)O)O"
"376","[C@@]12([C@@H](CCC(=C)[C@@]1(CC[C@@](O)(C)C=C)C)C(CCC2)(C)C)C"
"377","c1(ccc(cc1O)C[C@@H](OC(=O)/C=Cc1ccc(c(c1)O)O)C(=O)OC)O"
"378","c12c(c3c(cc1)c1c(C(=O)C3=O)c(co1)C)CCC[C@]2(C)C(=O)OC"
"379","c12c(ccc3c1[C@](C(=O)C(=C3)C(C)C)(C(CCC2)(C)C)O)C"
"380","c12c(c3c(cc1)C(=O)C(=C(C3=O)O)C(C)C)C(=O)CCC2(C)C"
"381","C12=C(C3=C(C(=O)C4=C(C3=CC1=O)OC[C@@H]4C)O)CCCC2(C)C"
"382","C1CC([C@H]2[C@]3(C1)c1c([C@H](C2)OC3)cc(c(c(=O)c1)O)C)(C)C"
"383","c12c(ccc3c1C(=O)C(=O)C(=C3)C(C)C)C(CCC2)(C)C"
"384","[C@@H]12C(=CC=C3[C@@H]1C(=O)C(=CC3=O)O)C(CCC2=O)(C)C"
"385","C1C(c2c(CC1)c1c(cc2)C(=O)C(=C(C1=O)O)C)(C)C"
"386","C1(=O)C(=O)C(=C(c2c1c1c(cc2)C(CCC1)(C)C)O)[C@H](C)CO"
"387","C1(CCC[C@]23c4cc(c(cc4[C@H](C[C@@H]12)OC3)C)O)(C)C"
"388","C1(=O)C(=O)c2c(c3c1c1c(cc3)C(=O)CCC1)occ2C"
"389","[C@]123[C@@H](C[C@@H]([C@]4(C=C1C(=O)O)OC(=O)C(=C4)C)OC3)C(CCC2)(C)C"
"390","c1(c(ccc(c1CC(=O)O)/C=CC(=O)O[C@H](Cc1cc(c(cc1)O)O)C(=O)O)O)O"
"391","c1(ccc(cc1O)[C@@H]1Cc2c(c(ccc2/C=C/C(=O)O)O)O1)O"
"392","c1(cc(ccc1O)[C@@H]1[C@H](c2c(c(ccc2/C=C/C(=O)O)O)O1)C(=O)O)O"
"393","c1(ccc(cc1O)C[C@@H](OC(=O)/C=Cc1ccc(c(c1)O)O)C(=O)O)O"
"394","C1(=O)C2=CC[C@@]34[C@@H](C=CC[C@@]3([C@]2(C[C@@H](O1)c1cocc1)C)O)C(=O)OC4"
"395","c1(c(ccc(c1)C[C@@H](O)C(=O)O[C@H](Cc1cc(c(cc1)O)O)C(=O)O)O)O"
"396","c1cc(cc(c1O)O)/C=C/c1c(c(ccc1/C=C/C(=O)O[C@@H](C(=O)O)Cc1cc(c(cc1)O)O)O)O"
"397","c1c(c(cc(c1)c1cc2c(o1)c(ccc2/C=C/C(=O)O[C@H](C(=O)O)Cc1ccc(c(c1)O)O)O)O)O"
"398","c1(c(ccc(c1CC(=O)O)/C=C/C(=O)O[C@H](Cc1cc(c(cc1)O)O)C(=O)O)O)O"
"399","c1(ccc(cc1O)/C=C(C(=O)O[C@H](Cc1cc(c(cc1)O)O)C(=O)O)/c1c(c(ccc1/C=C/C(=O)O[C@H](Cc1cc(c(cc1)O)O)C(=O)O)O)O)O"
"400","c1(c(ccc(c1/C=C/c1ccc(c(c1)O)O)/C=C/C(=O)O)O)O"
"401","c1c(c(c2c(c1)C=C1c3c(O2)c(ccc3C[C@H](C1=O)C(=O)O)O)O)O"
"402","O1[C@@H]([C@H](Oc2c1cc(cc2)/C=C/C(=O)O[C@H](Cc1cc(c(cc1)O)O)C(=O)O)c1cc(c(cc1)O)O)C(=O)O"
"403","C1CC(C2=C(C1)[C@@H]1[C@@H](C=C2)C=C(C(=C1)O)C(=O)C)(C)C"
"404","[C@H]1(CC([C@@H]2[C@@](C1)(c1c(CC2)cc(c(c1)O)C(C)C)C)(C)C)O"
"405","c12c(ccc3C(CCCc13)(C)C)cc(c(=O)c(c2)O)C"
"406","c1(c(ccc2c1C(=O)C(=C(C2=O)C(C)C)O)C)CCCC(=C)C"
"407","[C@@H]12[C@@H](C(=CO[C@H]1O[C@@H]1O[C@@H]([C@H]([C@@H]([C@H]1O)O)O)CO)C(=O)OC)[C@@H](C[C@]2(C)O)O"
"408","C1CC([C@H]2[C@](C1)(c1c(C(=O)C2)cc(c(c1)O)C(C)C)C)(C)C"
"409","C1(=O)C(=O)c2c(c3c1c1c(cc3)[C@@](CCC1)(CO)O)occ2C"
"410","C1[C@@H]([C@@](c2c(C1)c1c(cc2)c2c(C(=O)C1=O)c(co2)C)(O)C)O"
"411","C1[C@H]([C@@](c2c(C1)c1c(cc2)c2c(C(=O)C1=O)c(co2)C)(O)C)O"
"412","c1cc(c2c(c1)c1c(cc2)c2c(oc1=O)c(co2)C)C"
"413","c12c(c3c(cc1)c1c(C(=O)C3=O)c(co1)C)CCCC2(C)C"
"414","c12c(c3c(cc1)c1c(C(=O)C3=O)c(co1)C)CCC[C@]2(C)CO"
"415","[C@@H](CO)(C1=C(O)c2c(C(=O)C1=O)c1c(cc2)c(ccc1)C)C"
"416","c1c(c2c(cc1)c1c(cc2)c2c(C(=O)C1=O)c(co2)C)C"
"417","C1C[C@]2([C@H](C[C@H]1O)CC[C@@H]1[C@@H]2CC[C@]2([C@H]1C[C@H]1[C@@H]2[C@@H]([C@]2(O1)CC[C@H](CO2)C)C)C)C"
"418","[C@@H]1(CC[C@]2([C@@H](C1(C)C)CC[C@@]1(C)[C@]3(C)CC[C@@]4(CO)CC[C@@H](C)[C@H](C)[C@H]4C3=CC[C@H]21)C)O"
"419","c1(cc(=O)c2c(O)cc(cc2o1)O[C@H]1[C@H](O)[C@@H](O)[C@H](O)[C@H](O1)CO)c1cc(O)c(O)cc1"
"420","C(=Cc1cc(c(cc1)O)OC)C(=O)NC[C@H](c1ccc(cc1)O)OCCCC"
"421","C1[C@@H](C[C@@]2([C@@]([C@@H]1O)([C@@H]1[C@@H](CC2)[C@@H]2[C@@](CC1)([C@@H]1[C@H](C2)O[C@]2([C@H]1C)OC[C@@H](CC2)C)C)C)O)O[C@@H]1OC[C@@H]([C@@H]([C@H]1O)O)O"
"422","O[C@H]1C[C@@H](O)[C@@]2([C@@](O)(C1)CC[C@H]1[C@@H]2CC[C@@]2([C@@H]1C[C@H]1[C@@H]2[C@@H]([C@]2(OC[C@H](C)CC2)O1)C)C)C"
"423","[C@@]12(C(=CC[C@@H]3[C@@H]1CC[C@]1([C@@H]3C[C@H]3[C@@H]1[C@@H]([C@@]1(O3)OC[C@H](CC1)C)C)C)C[C@@H](CC2)O)C"
"424","[C@@]12(C(=CC[C@@H]3[C@@H]1CC[C@]1([C@@]3(C[C@H]3[C@@H]1[C@@H]([C@@]1(O3)OC[C@H](CC1)C)C)O)C)C[C@@H](CC2)O)C"
"425","[C@@]12(C(=CC[C@@H]3[C@@H]1CC[C@]1([C@@]3(C[C@H]3[C@@H]1[C@@H]([C@@]1(O3)OC[C@@H](CC1)C)C)O)C)C[C@H](CC2)O)C"
"426","[C@@]12(C(=CC[C@@H]3[C@@H]1CC[C@]1([C@@]3(C[C@H]3[C@@H]1[C@@H]([C@@]1(O3)OC[C@@H](CC1)C)C)O)C)C[C@@H](CC2)O)C"
"427","[C@@]12(C(=CC[C@@H]3[C@@H]1CC[C@]1([C@@H]3C[C@H]3[C@@H]1[C@@H]([C@@]1(O3)OC[C@@H](CC1)C)C)C)C[C@@H](CC2)O)C"
"428","O1C[C@H](C(=O)c2c1c(c(c(c2O)C)O)OC)Cc1ccc(cc1)O"
"429","O1C[C@H](C(=O)c2c1c(c(c(c2O)C)O)C)Cc1ccc(cc1)O"
"430","C1[C@H]2[C@H]([C@]3([C@](C1)([C@@H]1[C@H](C3)O[C@]3([C@H]1C)OC[C@H](CC3)C)C)O)CC=C1[C@@]2(CC[C@@H](C1)O)C"
"431","C1[C@@H]2[C@H]([C@@H]3[C@](C1)([C@H]([C@H](C3)O[C@H]1[C@@H]([C@H]([C@@H]([C@H](O1)CO)O)O)O)[C@H]([C@H](CCC(C)C)O)C)C)CC=C1[C@@]2([C@@H](C[C@@H](C1)O)O[C@H]1O[C@H]([C@@H]([C@H]([C@H]1O)O)O)C)C"
"432","C1[C@@H]2[C@H]([C@@H]3[C@](C1)([C@H]([C@H](C3)O)[C@H]([C@H](CCC(C)C)O)C)C)CC=C1[C@@]2([C@@H](C[C@@H](C1)O)O)C"
"433","[C@]12(C(=CC[C@@H]3[C@@H]1CC[C@@]1([C@@H]3C[C@H]3[C@@H]1[C@H]([C@@](O3)(O)CC[C@@H](CO)C)C)C)C[C@@H](CC2)O)C"
"434","C1[C@H]2[C@H]([C@]3([C@](C1)([C@@H]1[C@H](C3)O[C@]3([C@H]1C)OC[C@@H](CC3)C)C)O)CC=C1[C@@]2(CC[C@@H](C1)O)C"
"435","C1[C@H]2[C@H](C3=CC=C([C@]3(C1)C)[C@@H](C(=O)CC[C@@H](CO)C)C)CC=C1[C@@]2(CC[C@@H](C1)O)C"
"436","c12c(C(=O)[C@H](CO1)Cc1ccc(cc1)O)c(c(c(c2)O)C)O"
"437","c12c(C(=O)[C@H](CO1)Cc1ccc(cc1)OC)c(c(c(c2C)O)C)O"
"438","c1c(ccc(c1)/C=C/C(=O)NCCc1ccc(cc1)O)O"
"439","[C@@]12([C@H]([C@H]3[C@@H]([C@@]4(C(=CC3)C[C@H](CC4)O)C)CC2)C[C@H]2[C@@H]1[C@@H]([C@@]1(O2)OC[C@H](CC1)C)C)C"
"440","O[C@H]1CC[C@]2(C(=CC[C@@H]3[C@@H]2CC[C@]2([C@@H]3C[C@H]3[C@@H]2[C@@H]([C@@]2(O3)OC[C@@H](CC2)C)C)C)C1)C"
"441","c1(c(c(cc(c1)[C@@H]1OC[C@@H]2[C@H]1CO[C@H]2c1cc(c(c(c1)OC)O)OC)OC)O)OC"
"442","O1[C@@H]([C@H]2[C@H]([C@@H](OC2)c2cc(OC)c(O)c(OC)c2)C1)c1cc(OC)c(O)c(OC)c1"
